{
  "rmse": 80724.05067509036,
  "mae": 59569.272882612466,
  "r2": 0.502722244307104
}