skew,kurtosis
-0.29777956498586855,-1.3301208448425363
0.46591914016270397,-1.117779708313892
0.06032625301661101,-0.8007255995444988
4.147042038773343,32.6227320729488
3.45929235876747,21.97990188245051
4.93549950885852,73.53500881922278
3.4101898550856307,22.052354233642966
1.64653702990008,4.951033760409659
